n_turbines,reach,n_slots,track,uav,K,T_min,max_stops,deck_mode,quick_inspection_capacity,swap_stations,predictor,pool_h,soc_correction,soc_risk_allocation,time_recourse_mode,time_contract_id,speed_is_recourse,return_speed_recourse_contract,geo_risk_allocation_contract,pair_radius_m,dtau_min,result_contract,method,batteries,covered,energy_Wh,mean_stops,multi_stop_ratio,time_s,pool_generation_s,best_known,gap_to_best,best_energy_at_best_coverage,energy_gap_to_best_pct,status,coverage_optimal,energy_optimal,lexicographic_certified,lexicographic_optimal,restricted_master_certificate,resource_cuts,n_swaps,n_quick_reuses,selected_routes_and_resources,battery_end_soc_pct,sequence_upper_bound,enumeration_complete,pool,solver,coverage_incumbent,coverage_upper_bound,coverage_gap_abs,coverage_gap_pct,energy_incumbent_Wh,energy_lower_bound_Wh,energy_gap_abs_Wh,energy_gap_pct,conditional_energy_gap_pct,global_energy_gap_reason,pricing_complete,pricing_bound_available,branching_complete,farkas_pricing_complete,resource_audit_complete,bound_scope,bound_source,restricted_pool_gap_pct,global_certificate_available,global_route_space_certificate,implicit_route_space_certified,certificate_field_conflict,certificate_field_invalid
6,6,72,"真实AIS(track_219018788.csv, 窗起点@410.2min, 前置历史6.4min, 357点)",M,2,360.0,4,interval,1,1,cv_noleak,pareto,geo2d,optimized,wait_and_speed,fixed_touchdown_wait_speed_recourse,True,required_airspeed_vector_geo2d_with_nonreturn_weather,geo2d_bonferroni_route_optimized_grid,9727.5,5.0,fleet-anytime-result-v17.1-coherent-weather-formal-algorithm-parity,research_greedy,7,6,1508.450039,1.2,0.2,118.131,117.311,6,0,1508.440316,0.000645,time-limit-or-gap-stop,False,False,False,False,not-proven,0,3,0,"{""battery_end_soc_pct"":[45.537922,20.090718,34.224299,47.169505,34.739152,100.0,100.0],""battery_energy_used_Wh"":[258.150251,378.769999,311.776821,250.416547,309.336421,0.0,0.0],""missions"":[{""E_plan_Wh"":258.150251113,""E_soc_required_Wh"":258.150251113,""battery_group"":0,""h"":20.0,""ordered_tids"":[""Rodsand_II_004""],""post_service_interval"":[""66"",""70""],""post_service_mode"":""battery_swap"",""tau"":45.0,""turnaround_before"":{""interval"":null,""mode"":""initial_preinstalled"",""predecessor"":null},""uav_id"":0},{""E_plan_Wh"":378.76999865,""E_soc_required_Wh"":378.76999865,""battery_group"":1,""h"":30.0,""ordered_tids"":[""Rodsand_II_005"",""Rodsand_II_006""],""post_service_interval"":[""191"",""195""],""post_service_mode"":""battery_swap"",""tau"":160.0,""turnaround_before"":{""interval"":null,""mode"":""initial_preinstalled"",""predecessor"":null},""uav_id"":1},{""E_plan_Wh"":311.776821463,""E_soc_required_Wh"":311.776821463,""battery_group"":2,""h"":25.0,""ordered_tids"":[""Rodsand_II_001""],""post_service_interval"":[""311"",""315""],""post_service_mode"":""battery_swap"",""tau"":285.0,""turnaround_before"":{""interval"":[""66"",""70""],""mode"":""battery_swap"",""predecessor"":6},""uav_id"":0},{""E_plan_Wh"":250.416546989,""E_soc_required_Wh"":250.416546989,""battery_group"":3,""h"":20.0,""ordered_tids"":[""Rodsand_II_003""],""post_service_interval"":null,""post_service_mode"":""none_after_last_mission"",""tau"":310.0,""turnaround_before"":{""interval"":[""191"",""195""],""mode"":""battery_swap"",""predecessor"":16},""uav_id"":1},{""E_plan_Wh"":309.336420822,""E_soc_required_Wh"":309.336420822,""battery_group"":4,""h"":25.0,""ordered_tids"":[""Rodsand_II_002""],""post_service_interval"":null,""post_service_mode"":""none_after_last_mission"",""tau"":320.0,""turnaround_before"":{""interval"":[""311"",""315""],""mode"":""battery_swap"",""predecessor"":51},""uav_id"":0}],""quick_inspection_events"":[],""resource_cuts"":0,""swap_events"":[{""end_min"":70.0,""from_battery"":0,""predecessor_column"":6,""start_min"":66.0,""successor_column"":51,""to_battery"":2,""uav_id"":0},{""end_min"":195.0,""from_battery"":1,""predecessor_column"":16,""start_min"":191.0,""successor_column"":77,""to_battery"":3,""uav_id"":1},{""end_min"":315.0,""from_battery"":2,""predecessor_column"":51,""start_min"":311.0,""successor_column"":84,""to_battery"":4,""uav_id"":0}]}","[45.537922, 20.090718, 34.224299, 47.169505, 34.739152, 100.0, 100.0]",,,87,greedy,6,6,0,0.0,1508.4500390359367,,,,,route-space scope is assigned by solve_fleet_anytime,False,,,,True,validated_route_pool,restricted-master-mip-bound,,False,False,False,False,False
6,6,72,"真实AIS(track_219018788.csv, 窗起点@410.2min, 前置历史6.4min, 357点)",M,2,360.0,4,interval,1,1,cv_noleak,pareto,geo2d,optimized,wait_and_speed,fixed_touchdown_wait_speed_recourse,True,required_airspeed_vector_geo2d_with_nonreturn_weather,geo2d_bonferroni_route_optimized_grid,9727.5,5.0,fleet-anytime-result-v17.1-coherent-weather-formal-algorithm-parity,research_restricted_pool,7,6,1508.440316,1.2,0.2,118.36,117.311,6,0,1508.440316,0.0,restricted_pool_optimal,True,True,False,False,optimal,1,3,0,"{""battery_end_soc_pct"":[45.537922,20.090718,47.160666,34.23519,34.739152,100.0,100.0],""battery_energy_used_Wh"":[258.150251,378.769999,250.458444,311.725202,309.336421,0.0,0.0],""missions"":[{""E_plan_Wh"":258.150251113,""E_soc_required_Wh"":258.150251113,""battery_group"":0,""h"":20.0,""ordered_tids"":[""Rodsand_II_004""],""post_service_interval"":[""66"",""70""],""post_service_mode"":""battery_swap"",""tau"":45.0,""turnaround_before"":{""interval"":null,""mode"":""initial_preinstalled"",""predecessor"":null},""uav_id"":0},{""E_plan_Wh"":378.76999865,""E_soc_required_Wh"":378.76999865,""battery_group"":1,""h"":30.0,""ordered_tids"":[""Rodsand_II_005"",""Rodsand_II_006""],""post_service_interval"":[""191"",""195""],""post_service_mode"":""battery_swap"",""tau"":160.0,""turnaround_before"":{""interval"":null,""mode"":""initial_preinstalled"",""predecessor"":null},""uav_id"":1},{""E_plan_Wh"":250.458444088,""E_soc_required_Wh"":250.458444088,""battery_group"":2,""h"":20.0,""ordered_tids"":[""Rodsand_II_003""],""post_service_interval"":[""291"",""295""],""post_service_mode"":""battery_swap"",""tau"":270.0,""turnaround_before"":{""interval"":[""66"",""70""],""mode"":""battery_swap"",""predecessor"":6},""uav_id"":0},{""E_plan_Wh"":311.725201694,""E_soc_required_Wh"":311.725201694,""battery_group"":3,""h"":25.0,""ordered_tids"":[""Rodsand_II_001""],""post_service_interval"":null,""post_service_mode"":""none_after_last_mission"",""tau"":305.0,""turnaround_before"":{""interval"":[""191"",""195""],""mode"":""battery_swap"",""predecessor"":16},""uav_id"":1},{""E_plan_Wh"":309.336420822,""E_soc_required_Wh"":309.336420822,""battery_group"":4,""h"":25.0,""ordered_tids"":[""Rodsand_II_002""],""post_service_interval"":null,""post_service_mode"":""none_after_last_mission"",""tau"":320.0,""turnaround_before"":{""interval"":[""291"",""295""],""mode"":""battery_swap"",""predecessor"":29},""uav_id"":0}],""quick_inspection_events"":[],""resource_cuts"":1,""swap_events"":[{""end_min"":70.0,""from_battery"":0,""predecessor_column"":6,""start_min"":66.0,""successor_column"":29,""to_battery"":2,""uav_id"":0},{""end_min"":195.0,""from_battery"":1,""predecessor_column"":16,""start_min"":191.0,""successor_column"":75,""to_battery"":3,""uav_id"":1},{""end_min"":295.0,""from_battery"":2,""predecessor_column"":29,""start_min"":291.0,""successor_column"":84,""to_battery"":4,""uav_id"":0}]}","[45.537922, 20.090718, 47.160666, 34.23519, 34.739152, 100.0, 100.0]",,,87,gurobi,6,6,0,0.0,1508.4403163669488,1508.4403163669488,0.0,0.0,0.0,route-space scope is assigned by solve_fleet_anytime,False,,,,True,validated_route_pool,restricted-master-mip-bound,0.0,False,False,False,False,False
6,6,72,"真实AIS(track_219018788.csv, 窗起点@410.2min, 前置历史6.4min, 357点)",M,2,360.0,4,interval,1,1,cv_noleak,pareto,geo2d,optimized,wait_and_speed,fixed_touchdown_wait_speed_recourse,True,required_airspeed_vector_geo2d_with_nonreturn_weather,geo2d_bonferroni_route_optimized_grid,9727.5,5.0,fleet-anytime-result-v17.1-coherent-weather-formal-algorithm-parity,exact_branch_price_cut,7,6,1508.4403163669488,1.2,0.2,329.872,117.311,6,0,1508.440316,0.0,lexicographic_optimal,True,True,False,True,,1,3,0,"{""battery_end_soc_pct"":[31.92240213276218,0.11339698039650356,33.950832255314225,17.793986894933266,18.423939656702338,100.00000000000001,100.00000000000001],""battery_energy_used_Wh"":[258.15025111256585,378.7699986503365,250.45844408784848,311.7252016944131,309.33642082178477,0.0,0.0],""missions"":[{""E_plan_Wh"":258.150251113,""E_soc_required_Wh"":258.150251113,""battery_group"":0,""h"":20.0,""ordered_tids"":[""Rodsand_II_004""],""post_service_interval"":null,""post_service_mode"":null,""tau"":45.0,""turnaround_before"":{""interval"":null,""mode"":""initial_preinstalled"",""predecessor"":null},""uav_id"":0},{""E_plan_Wh"":378.76999865,""E_soc_required_Wh"":378.76999865,""battery_group"":1,""h"":30.0,""ordered_tids"":[""Rodsand_II_005"",""Rodsand_II_006""],""post_service_interval"":null,""post_service_mode"":null,""tau"":160.0,""turnaround_before"":{""interval"":null,""mode"":""initial_preinstalled"",""predecessor"":null},""uav_id"":1},{""E_plan_Wh"":250.458444088,""E_soc_required_Wh"":250.458444088,""battery_group"":2,""h"":20.0,""ordered_tids"":[""Rodsand_II_003""],""post_service_interval"":null,""post_service_mode"":null,""tau"":270.0,""turnaround_before"":{""interval"":[""66"",""70""],""mode"":""battery_swap"",""predecessor"":8},""uav_id"":0},{""E_plan_Wh"":311.725201694,""E_soc_required_Wh"":311.725201694,""battery_group"":3,""h"":25.0,""ordered_tids"":[""Rodsand_II_001""],""post_service_interval"":null,""post_service_mode"":null,""tau"":305.0,""turnaround_before"":{""interval"":[""191"",""195""],""mode"":""battery_swap"",""predecessor"":46},""uav_id"":1},{""E_plan_Wh"":309.336420822,""E_soc_required_Wh"":309.336420822,""battery_group"":4,""h"":25.0,""ordered_tids"":[""Rodsand_II_002""],""post_service_interval"":null,""post_service_mode"":null,""tau"":320.0,""turnaround_before"":{""interval"":[""291"",""295""],""mode"":""battery_swap"",""predecessor"":16},""uav_id"":0}],""quick_inspection_events"":[],""resource_cuts"":1,""swap_events"":[[66.0,70.0],[191.0,195.0],[291.0,295.0]]}","[31.92240213276218, 0.11339698039650356, 33.950832255314225, 17.793986894933266, 18.423939656702338, 100.00000000000001, 100.00000000000001]",,,155,scipy-highs-rmp,6,6,0,0.0,1508.4403163669488,1508.4403163669485,2.2737367544323206e-13,1.5073428691620855e-14,1.5073428691620855e-14,,False,True,True,True,True,global_discrete_physical_model,coverage:branch-tree-exhausted-incumbent-bound;energy:rmp-lagrangian-plus-pricing-bound,,True,True,True,False,False
8,8,72,"真实AIS(track_219018788.csv, 窗起点@410.2min, 前置历史6.4min, 357点)",M,2,360.0,4,interval,1,1,cv_noleak,pareto,geo2d,optimized,wait_and_speed,fixed_touchdown_wait_speed_recourse,True,required_airspeed_vector_geo2d_with_nonreturn_weather,geo2d_bonferroni_route_optimized_grid,9727.5,5.0,fleet-anytime-result-v17.1-coherent-weather-formal-algorithm-parity,research_greedy,7,8,2076.332941,1.1428571428571428,0.14285714285714285,159.395,158.293,8,0,2076.280192,0.002541,time-limit-or-gap-stop,False,False,False,False,not-proven,0,5,0,"{""battery_end_soc_pct"":[45.537922,46.141156,20.090718,34.052325,34.224299,47.169505,34.739152],""battery_energy_used_Wh"":[258.150251,255.290923,378.769999,312.591979,311.776821,250.416547,309.336421],""missions"":[{""E_plan_Wh"":258.150251113,""E_soc_required_Wh"":258.150251113,""battery_group"":0,""h"":20.0,""ordered_tids"":[""Rodsand_II_004""],""post_service_interval"":[""66"",""70""],""post_service_mode"":""battery_swap"",""tau"":45.0,""turnaround_before"":{""interval"":null,""mode"":""initial_preinstalled"",""predecessor"":null},""uav_id"":0},{""E_plan_Wh"":255.290922729,""E_soc_required_Wh"":255.290922729,""battery_group"":1,""h"":20.0,""ordered_tids"":[""Rodsand_II_008""],""post_service_interval"":[""161"",""165""],""post_service_mode"":""battery_swap"",""tau"":140.0,""turnaround_before"":{""interval"":null,""mode"":""initial_preinstalled"",""predecessor"":null},""uav_id"":1},{""E_plan_Wh"":378.76999865,""E_soc_required_Wh"":378.76999865,""battery_group"":2,""h"":30.0,""ordered_tids"":[""Rodsand_II_005"",""Rodsand_II_006""],""post_service_interval"":[""191"",""195""],""post_service_mode"":""battery_swap"",""tau"":160.0,""turnaround_before"":{""interval"":[""66"",""70""],""mode"":""battery_swap"",""predecessor"":8},""uav_id"":0},{""E_plan_Wh"":312.591979438,""E_soc_required_Wh"":312.591979438,""battery_group"":3,""h"":25.0,""ordered_tids"":[""Rodsand_II_007""],""post_service_interval"":[""301"",""305""],""post_service_mode"":""battery_swap"",""tau"":275.0,""turnaround_before"":{""interval"":[""161"",""165""],""mode"":""battery_swap"",""predecessor"":16},""uav_id"":1},{""E_plan_Wh"":311.776821463,""E_soc_required_Wh"":311.776821463,""battery_group"":4,""h"":25.0,""ordered_tids"":[""Rodsand_II_001""],""post_service_interval"":[""311"",""315""],""post_service_mode"":""battery_swap"",""tau"":285.0,""turnaround_before"":{""interval"":[""191"",""195""],""mode"":""battery_swap"",""predecessor"":21},""uav_id"":0},{""E_plan_Wh"":250.416546989,""E_soc_required_Wh"":250.416546989,""battery_group"":5,""h"":20.0,""ordered_tids"":[""Rodsand_II_003""],""post_service_interval"":null,""post_service_mode"":""none_after_last_mission"",""tau"":310.0,""turnaround_before"":{""interval"":[""301"",""305""],""mode"":""battery_swap"",""predecessor"":47},""uav_id"":1},{""E_plan_Wh"":309.336420822,""E_soc_required_Wh"":309.336420822,""battery_group"":6,""h"":25.0,""ordered_tids"":[""Rodsand_II_002""],""post_service_interval"":null,""post_service_mode"":""none_after_last_mission"",""tau"":320.0,""turnaround_before"":{""interval"":[""311"",""315""],""mode"":""battery_swap"",""predecessor"":63},""uav_id"":0}],""quick_inspection_events"":[],""resource_cuts"":0,""swap_events"":[{""end_min"":70.0,""from_battery"":0,""predecessor_column"":8,""start_min"":66.0,""successor_column"":21,""to_battery"":2,""uav_id"":0},{""end_min"":165.0,""from_battery"":1,""predecessor_column"":16,""start_min"":161.0,""successor_column"":47,""to_battery"":3,""uav_id"":1},{""end_min"":195.0,""from_battery"":2,""predecessor_column"":21,""start_min"":191.0,""successor_column"":63,""to_battery"":4,""uav_id"":0},{""end_min"":305.0,""from_battery"":3,""predecessor_column"":47,""start_min"":301.0,""successor_column"":93,""to_battery"":5,""uav_id"":1},{""end_min"":315.0,""from_battery"":4,""predecessor_column"":63,""start_min"":311.0,""successor_column"":102,""to_battery"":6,""uav_id"":0}]}","[45.537922, 46.141156, 20.090718, 34.052325, 34.224299, 47.169505, 34.739152]",,,105,greedy,8,8,0,0.0,2076.3329412029675,,,,,route-space scope is assigned by solve_fleet_anytime,False,,,,True,validated_route_pool,restricted-master-mip-bound,,False,False,False,False,False
8,8,72,"真实AIS(track_219018788.csv, 窗起点@410.2min, 前置历史6.4min, 357点)",M,2,360.0,4,interval,1,1,cv_noleak,pareto,geo2d,optimized,wait_and_speed,fixed_touchdown_wait_speed_recourse,True,required_airspeed_vector_geo2d_with_nonreturn_weather,geo2d_bonferroni_route_optimized_grid,9727.5,5.0,fleet-anytime-result-v17.1-coherent-weather-formal-algorithm-parity,research_restricted_pool,7,8,2076.280192,1.1428571428571428,0.14285714285714285,159.348,158.293,8,0,2076.280192,0.0,restricted_pool_optimal,True,True,False,False,optimal,2,5,0,"{""battery_end_soc_pct"":[45.537922,46.141156,20.090718,47.160666,34.224299,34.072293,34.739152],""battery_energy_used_Wh"":[258.150251,255.290923,378.769999,250.458444,311.776821,312.497333,309.336421],""missions"":[{""E_plan_Wh"":258.150251113,""E_soc_required_Wh"":258.150251113,""battery_group"":0,""h"":20.0,""ordered_tids"":[""Rodsand_II_004""],""post_service_interval"":[""66"",""70""],""post_service_mode"":""battery_swap"",""tau"":45.0,""turnaround_before"":{""interval"":null,""mode"":""initial_preinstalled"",""predecessor"":null},""uav_id"":0},{""E_plan_Wh"":255.290922729,""E_soc_required_Wh"":255.290922729,""battery_group"":1,""h"":20.0,""ordered_tids"":[""Rodsand_II_008""],""post_service_interval"":[""161"",""165""],""post_service_mode"":""battery_swap"",""tau"":140.0,""turnaround_before"":{""interval"":null,""mode"":""initial_preinstalled"",""predecessor"":null},""uav_id"":1},{""E_plan_Wh"":378.76999865,""E_soc_required_Wh"":378.76999865,""battery_group"":2,""h"":30.0,""ordered_tids"":[""Rodsand_II_005"",""Rodsand_II_006""],""post_service_interval"":[""191"",""195""],""post_service_mode"":""battery_swap"",""tau"":160.0,""turnaround_before"":{""interval"":[""66"",""70""],""mode"":""battery_swap"",""predecessor"":8},""uav_id"":0},{""E_plan_Wh"":250.458444088,""E_soc_required_Wh"":250.458444088,""battery_group"":3,""h"":20.0,""ordered_tids"":[""Rodsand_II_003""],""post_service_interval"":[""291"",""295""],""post_service_mode"":""battery_swap"",""tau"":270.0,""turnaround_before"":{""interval"":[""161"",""165""],""mode"":""battery_swap"",""predecessor"":16},""uav_id"":1},{""E_plan_Wh"":311.776821463,""E_soc_required_Wh"":311.776821463,""battery_group"":4,""h"":25.0,""ordered_tids"":[""Rodsand_II_001""],""post_service_interval"":[""311"",""315""],""post_service_mode"":""battery_swap"",""tau"":285.0,""turnaround_before"":{""interval"":[""191"",""195""],""mode"":""battery_swap"",""predecessor"":21},""uav_id"":0},{""E_plan_Wh"":312.497333365,""E_soc_required_Wh"":312.497333365,""battery_group"":5,""h"":25.0,""ordered_tids"":[""Rodsand_II_007""],""post_service_interval"":null,""post_service_mode"":""none_after_last_mission"",""tau"":305.0,""turnaround_before"":{""interval"":[""291"",""295""],""mode"":""battery_swap"",""predecessor"":37},""uav_id"":1},{""E_plan_Wh"":309.336420822,""E_soc_required_Wh"":309.336420822,""battery_group"":6,""h"":25.0,""ordered_tids"":[""Rodsand_II_002""],""post_service_interval"":null,""post_service_mode"":""none_after_last_mission"",""tau"":320.0,""turnaround_before"":{""interval"":[""311"",""315""],""mode"":""battery_swap"",""predecessor"":63},""uav_id"":0}],""quick_inspection_events"":[],""resource_cuts"":2,""swap_events"":[{""end_min"":70.0,""from_battery"":0,""predecessor_column"":8,""start_min"":66.0,""successor_column"":21,""to_battery"":2,""uav_id"":0},{""end_min"":165.0,""from_battery"":1,""predecessor_column"":16,""start_min"":161.0,""successor_column"":37,""to_battery"":3,""uav_id"":1},{""end_min"":195.0,""from_battery"":2,""predecessor_column"":21,""start_min"":191.0,""successor_column"":63,""to_battery"":4,""uav_id"":0},{""end_min"":295.0,""from_battery"":3,""predecessor_column"":37,""start_min"":291.0,""successor_column"":89,""to_battery"":5,""uav_id"":1},{""end_min"":315.0,""from_battery"":4,""predecessor_column"":63,""start_min"":311.0,""successor_column"":102,""to_battery"":6,""uav_id"":0}]}","[45.537922, 46.141156, 20.090718, 47.160666, 34.224299, 34.072293, 34.739152]",,,105,gurobi,8,8,0,0.0,2076.2801922289946,2076.2801922289946,0.0,0.0,0.0,route-space scope is assigned by solve_fleet_anytime,False,,,,True,validated_route_pool,restricted-master-mip-bound,0.0,False,False,False,False,False
8,8,72,"真实AIS(track_219018788.csv, 窗起点@410.2min, 前置历史6.4min, 357点)",M,2,360.0,4,interval,1,1,cv_noleak,pareto,geo2d,optimized,wait_and_speed,fixed_touchdown_wait_speed_recourse,True,required_airspeed_vector_geo2d_with_nonreturn_weather,geo2d_bonferroni_route_optimized_grid,9727.5,5.0,fleet-anytime-result-v17.1-coherent-weather-formal-algorithm-parity,exact_branch_price_cut,7,8,2076.280192228995,1.1428571428571428,0.14285714285714285,869.28,158.293,8,0,2076.280192,0.0,lexicographic_optimal,True,True,False,True,,2,5,0,"{""battery_end_soc_pct"":[31.92240213276218,32.676444428040085,0.11339698039650356,33.950832255314225,17.780374086888035,17.590365673769426,18.423939656702338],""battery_energy_used_Wh"":[258.15025111256585,255.29092272887203,378.7699986503365,250.45844408784848,311.7768214625206,312.49733336506637,309.33642082178477],""missions"":[{""E_plan_Wh"":258.150251113,""E_soc_required_Wh"":258.150251113,""battery_group"":0,""h"":20.0,""ordered_tids"":[""Rodsand_II_004""],""post_service_interval"":null,""post_service_mode"":null,""tau"":45.0,""turnaround_before"":{""interval"":null,""mode"":""initial_preinstalled"",""predecessor"":null},""uav_id"":0},{""E_plan_Wh"":255.290922729,""E_soc_required_Wh"":255.290922729,""battery_group"":1,""h"":20.0,""ordered_tids"":[""Rodsand_II_008""],""post_service_interval"":null,""post_service_mode"":null,""tau"":140.0,""turnaround_before"":{""interval"":null,""mode"":""initial_preinstalled"",""predecessor"":null},""uav_id"":1},{""E_plan_Wh"":378.76999865,""E_soc_required_Wh"":378.76999865,""battery_group"":2,""h"":30.0,""ordered_tids"":[""Rodsand_II_005"",""Rodsand_II_006""],""post_service_interval"":null,""post_service_mode"":null,""tau"":160.0,""turnaround_before"":{""interval"":[""66"",""70""],""mode"":""battery_swap"",""predecessor"":14},""uav_id"":0},{""E_plan_Wh"":250.458444088,""E_soc_required_Wh"":250.458444088,""battery_group"":3,""h"":20.0,""ordered_tids"":[""Rodsand_II_003""],""post_service_interval"":null,""post_service_mode"":null,""tau"":270.0,""turnaround_before"":{""interval"":[""161"",""165""],""mode"":""battery_swap"",""predecessor"":8},""uav_id"":1},{""E_plan_Wh"":311.776821463,""E_soc_required_Wh"":311.776821463,""battery_group"":4,""h"":25.0,""ordered_tids"":[""Rodsand_II_001""],""post_service_interval"":null,""post_service_mode"":null,""tau"":285.0,""turnaround_before"":{""interval"":[""191"",""195""],""mode"":""battery_swap"",""predecessor"":26},""uav_id"":0},{""E_plan_Wh"":312.497333365,""E_soc_required_Wh"":312.497333365,""battery_group"":5,""h"":25.0,""ordered_tids"":[""Rodsand_II_007""],""post_service_interval"":null,""post_service_mode"":null,""tau"":305.0,""turnaround_before"":{""interval"":[""291"",""295""],""mode"":""battery_swap"",""predecessor"":16},""uav_id"":1},{""E_plan_Wh"":309.336420822,""E_soc_required_Wh"":309.336420822,""battery_group"":6,""h"":25.0,""ordered_tids"":[""Rodsand_II_002""],""post_service_interval"":null,""post_service_mode"":null,""tau"":320.0,""turnaround_before"":{""interval"":[""311"",""315""],""mode"":""battery_swap"",""predecessor"":146},""uav_id"":0}],""quick_inspection_events"":[],""resource_cuts"":2,""swap_events"":[[66.0,70.0],[161.0,165.0],[191.0,195.0],[291.0,295.0],[311.0,315.0]]}","[31.92240213276218, 32.676444428040085, 0.11339698039650356, 33.950832255314225, 17.780374086888035, 17.590365673769426, 18.423939656702338]",,,182,scipy-highs-rmp,8,8,0,0.0,2076.280192228995,2076.2801922289946,4.547473508864641e-13,2.1902022308379734e-14,2.1902022308379734e-14,,False,True,True,True,True,global_discrete_physical_model,coverage:branch-tree-exhausted-incumbent-bound;energy:rmp-lagrangian-plus-pricing-bound,,True,True,True,False,False
10,10,72,"真实AIS(track_219018788.csv, 窗起点@410.2min, 前置历史6.4min, 357点)",M,2,360.0,4,interval,1,1,cv_noleak,pareto,geo2d,optimized,wait_and_speed,fixed_touchdown_wait_speed_recourse,True,required_airspeed_vector_geo2d_with_nonreturn_weather,geo2d_bonferroni_route_optimized_grid,9727.5,5.0,fleet-anytime-result-v17.1-coherent-weather-formal-algorithm-parity,research_greedy,7,8,1959.128921,1.1428571428571428,0.14285714285714285,166.385,165.442,8,0,1956.640335,0.127187,time-limit-or-gap-stop,False,False,False,False,not-proven,0,5,0,"{""battery_end_soc_pct"":[45.537922,46.141156,20.090718,34.217189,46.54419,46.980984,47.169505],""battery_energy_used_Wh"":[258.150251,255.290923,378.769999,311.810524,253.380541,251.310136,250.416547],""missions"":[{""E_plan_Wh"":258.150251113,""E_soc_required_Wh"":258.150251113,""battery_group"":0,""h"":20.0,""ordered_tids"":[""Rodsand_II_004""],""post_service_interval"":[""66"",""70""],""post_service_mode"":""battery_swap"",""tau"":45.0,""turnaround_before"":{""interval"":null,""mode"":""initial_preinstalled"",""predecessor"":null},""uav_id"":0},{""E_plan_Wh"":255.290922729,""E_soc_required_Wh"":255.290922729,""battery_group"":1,""h"":20.0,""ordered_tids"":[""Rodsand_II_008""],""post_service_interval"":[""161"",""165""],""post_service_mode"":""battery_swap"",""tau"":140.0,""turnaround_before"":{""interval"":null,""mode"":""initial_preinstalled"",""predecessor"":null},""uav_id"":1},{""E_plan_Wh"":378.76999865,""E_soc_required_Wh"":378.76999865,""battery_group"":2,""h"":30.0,""ordered_tids"":[""Rodsand_II_005"",""Rodsand_II_006""],""post_service_interval"":[""191"",""195""],""post_service_mode"":""battery_swap"",""tau"":160.0,""turnaround_before"":{""interval"":[""66"",""70""],""mode"":""battery_swap"",""predecessor"":11},""uav_id"":0},{""E_plan_Wh"":311.810524429,""E_soc_required_Wh"":311.810524429,""battery_group"":3,""h"":25.0,""ordered_tids"":[""Rodsand_II_001""],""post_service_interval"":[""296"",""300""],""post_service_mode"":""battery_swap"",""tau"":270.0,""turnaround_before"":{""interval"":[""161"",""165""],""mode"":""battery_swap"",""predecessor"":20},""uav_id"":1},{""E_plan_Wh"":253.380541323,""E_soc_required_Wh"":253.380541323,""battery_group"":4,""h"":20.0,""ordered_tids"":[""Rodsand_II_010""],""post_service_interval"":[""301"",""305""],""post_service_mode"":""battery_swap"",""tau"":280.0,""turnaround_before"":{""interval"":[""191"",""195""],""mode"":""battery_swap"",""predecessor"":26},""uav_id"":0},{""E_plan_Wh"":251.310135663,""E_soc_required_Wh"":251.310135663,""battery_group"":5,""h"":20.0,""ordered_tids"":[""Rodsand_II_009""],""post_service_interval"":null,""post_service_mode"":""none_after_last_mission"",""tau"":305.0,""turnaround_before"":{""interval"":[""296"",""300""],""mode"":""battery_swap"",""predecessor"":53},""uav_id"":1},{""E_plan_Wh"":250.416546989,""E_soc_required_Wh"":250.416546989,""battery_group"":6,""h"":20.0,""ordered_tids"":[""Rodsand_II_003""],""post_service_interval"":null,""post_service_mode"":""none_after_last_mission"",""tau"":310.0,""turnaround_before"":{""interval"":[""301"",""305""],""mode"":""battery_swap"",""predecessor"":64},""uav_id"":0}],""quick_inspection_events"":[],""resource_cuts"":0,""swap_events"":[{""end_min"":70.0,""from_battery"":0,""predecessor_column"":11,""start_min"":66.0,""successor_column"":26,""to_battery"":2,""uav_id"":0},{""end_min"":165.0,""from_battery"":1,""predecessor_column"":20,""start_min"":161.0,""successor_column"":53,""to_battery"":3,""uav_id"":1},{""end_min"":195.0,""from_battery"":2,""predecessor_column"":26,""start_min"":191.0,""successor_column"":64,""to_battery"":4,""uav_id"":0},{""end_min"":300.0,""from_battery"":3,""predecessor_column"":53,""start_min"":296.0,""successor_column"":110,""to_battery"":5,""uav_id"":1},{""end_min"":305.0,""from_battery"":4,""predecessor_column"":64,""start_min"":301.0,""successor_column"":120,""to_battery"":6,""uav_id"":0}]}","[45.537922, 46.141156, 20.090718, 34.217189, 46.54419, 46.980984, 47.169505]",,,134,greedy,8,10,2,20.0,1959.1289208965661,,,,,route-space scope is assigned by solve_fleet_anytime,False,,,,True,validated_route_pool,restricted-master-mip-bound,,False,False,False,False,False
10,10,72,"真实AIS(track_219018788.csv, 窗起点@410.2min, 前置历史6.4min, 357点)",M,2,360.0,4,interval,1,1,cv_noleak,pareto,geo2d,optimized,wait_and_speed,fixed_touchdown_wait_speed_recourse,True,required_airspeed_vector_geo2d_with_nonreturn_weather,geo2d_bonferroni_route_optimized_grid,9727.5,5.0,fleet-anytime-result-v17.1-coherent-weather-formal-algorithm-parity,research_restricted_pool,7,8,1959.128921,1.1428571428571428,0.14285714285714285,3765.56,165.442,8,0,1956.640335,0.127187,time-limit-or-gap-stop,False,False,False,False,not-proven,5900,5,0,"{""battery_end_soc_pct"":[45.537922,46.141156,20.090718,34.217189,46.54419,46.980984,47.169505],""battery_energy_used_Wh"":[258.150251,255.290923,378.769999,311.810524,253.380541,251.310136,250.416547],""missions"":[{""E_plan_Wh"":258.150251113,""E_soc_required_Wh"":258.150251113,""battery_group"":0,""h"":20.0,""ordered_tids"":[""Rodsand_II_004""],""post_service_interval"":[""66"",""70""],""post_service_mode"":""battery_swap"",""tau"":45.0,""turnaround_before"":{""interval"":null,""mode"":""initial_preinstalled"",""predecessor"":null},""uav_id"":0},{""E_plan_Wh"":255.290922729,""E_soc_required_Wh"":255.290922729,""battery_group"":1,""h"":20.0,""ordered_tids"":[""Rodsand_II_008""],""post_service_interval"":[""161"",""165""],""post_service_mode"":""battery_swap"",""tau"":140.0,""turnaround_before"":{""interval"":null,""mode"":""initial_preinstalled"",""predecessor"":null},""uav_id"":1},{""E_plan_Wh"":378.76999865,""E_soc_required_Wh"":378.76999865,""battery_group"":2,""h"":30.0,""ordered_tids"":[""Rodsand_II_005"",""Rodsand_II_006""],""post_service_interval"":[""191"",""195""],""post_service_mode"":""battery_swap"",""tau"":160.0,""turnaround_before"":{""interval"":[""66"",""70""],""mode"":""battery_swap"",""predecessor"":11},""uav_id"":0},{""E_plan_Wh"":311.810524429,""E_soc_required_Wh"":311.810524429,""battery_group"":3,""h"":25.0,""ordered_tids"":[""Rodsand_II_001""],""post_service_interval"":[""296"",""300""],""post_service_mode"":""battery_swap"",""tau"":270.0,""turnaround_before"":{""interval"":[""161"",""165""],""mode"":""battery_swap"",""predecessor"":20},""uav_id"":1},{""E_plan_Wh"":253.380541323,""E_soc_required_Wh"":253.380541323,""battery_group"":4,""h"":20.0,""ordered_tids"":[""Rodsand_II_010""],""post_service_interval"":[""301"",""305""],""post_service_mode"":""battery_swap"",""tau"":280.0,""turnaround_before"":{""interval"":[""191"",""195""],""mode"":""battery_swap"",""predecessor"":26},""uav_id"":0},{""E_plan_Wh"":251.310135663,""E_soc_required_Wh"":251.310135663,""battery_group"":5,""h"":20.0,""ordered_tids"":[""Rodsand_II_009""],""post_service_interval"":null,""post_service_mode"":""none_after_last_mission"",""tau"":305.0,""turnaround_before"":{""interval"":[""296"",""300""],""mode"":""battery_swap"",""predecessor"":53},""uav_id"":1},{""E_plan_Wh"":250.416546989,""E_soc_required_Wh"":250.416546989,""battery_group"":6,""h"":20.0,""ordered_tids"":[""Rodsand_II_003""],""post_service_interval"":null,""post_service_mode"":""none_after_last_mission"",""tau"":310.0,""turnaround_before"":{""interval"":[""301"",""305""],""mode"":""battery_swap"",""predecessor"":64},""uav_id"":0}],""quick_inspection_events"":[],""resource_cuts"":5900,""swap_events"":[{""end_min"":70.0,""from_battery"":0,""predecessor_column"":11,""start_min"":66.0,""successor_column"":26,""to_battery"":2,""uav_id"":0},{""end_min"":165.0,""from_battery"":1,""predecessor_column"":20,""start_min"":161.0,""successor_column"":53,""to_battery"":3,""uav_id"":1},{""end_min"":195.0,""from_battery"":2,""predecessor_column"":26,""start_min"":191.0,""successor_column"":64,""to_battery"":4,""uav_id"":0},{""end_min"":300.0,""from_battery"":3,""predecessor_column"":53,""start_min"":296.0,""successor_column"":110,""to_battery"":5,""uav_id"":1},{""end_min"":305.0,""from_battery"":4,""predecessor_column"":64,""start_min"":301.0,""successor_column"":120,""to_battery"":6,""uav_id"":0}]}","[45.537922, 46.141156, 20.090718, 34.217189, 46.54419, 46.980984, 47.169505]",,,134,gurobi,8,10,2,20.0,1959.1289208965661,,,,,route-space scope is assigned by solve_fleet_anytime,False,,,,False,validated_route_pool,restricted-master-mip-bound,0.0,False,False,False,False,False
10,10,72,"真实AIS(track_219018788.csv, 窗起点@410.2min, 前置历史6.4min, 357点)",M,2,360.0,4,interval,1,1,cv_noleak,pareto,geo2d,optimized,wait_and_speed,fixed_touchdown_wait_speed_recourse,True,required_airspeed_vector_geo2d_with_nonreturn_weather,geo2d_bonferroni_route_optimized_grid,9727.5,5.0,fleet-anytime-result-v17.1-coherent-weather-formal-algorithm-parity,exact_branch_price_cut,7,8,1956.6403352966674,1.1428571428571428,0.14285714285714285,2238.482,165.442,8,0,1956.640335,0.0,lexicographic_optimal,True,True,False,True,,3,5,0,"{""battery_end_soc_pct"":[31.92240213276218,32.676444428040085,0.11339698039650356,33.950832255314225,33.70864273167905,33.21269221155416,18.423939656702338],""battery_energy_used_Wh"":[258.15025111256585,255.29092272887203,378.7699986503365,250.45844408784848,251.37682676147307,253.25747113378662,309.33642082178477],""missions"":[{""E_plan_Wh"":258.150251113,""E_soc_required_Wh"":258.150251113,""battery_group"":0,""h"":20.0,""ordered_tids"":[""Rodsand_II_004""],""post_service_interval"":null,""post_service_mode"":null,""tau"":45.0,""turnaround_before"":{""interval"":null,""mode"":""initial_preinstalled"",""predecessor"":null},""uav_id"":0},{""E_plan_Wh"":255.290922729,""E_soc_required_Wh"":255.290922729,""battery_group"":1,""h"":20.0,""ordered_tids"":[""Rodsand_II_008""],""post_service_interval"":null,""post_service_mode"":null,""tau"":140.0,""turnaround_before"":{""interval"":null,""mode"":""initial_preinstalled"",""predecessor"":null},""uav_id"":1},{""E_plan_Wh"":378.76999865,""E_soc_required_Wh"":378.76999865,""battery_group"":2,""h"":30.0,""ordered_tids"":[""Rodsand_II_005"",""Rodsand_II_006""],""post_service_interval"":null,""post_service_mode"":null,""tau"":160.0,""turnaround_before"":{""interval"":[""66"",""70""],""mode"":""battery_swap"",""predecessor"":55},""uav_id"":0},{""E_plan_Wh"":250.458444088,""E_soc_required_Wh"":250.458444088,""battery_group"":3,""h"":20.0,""ordered_tids"":[""Rodsand_II_003""],""post_service_interval"":null,""post_service_mode"":null,""tau"":270.0,""turnaround_before"":{""interval"":[""161"",""165""],""mode"":""battery_swap"",""predecessor"":37},""uav_id"":1},{""E_plan_Wh"":251.376826761,""E_soc_required_Wh"":251.376826761,""battery_group"":4,""h"":20.0,""ordered_tids"":[""Rodsand_II_009""],""post_service_interval"":null,""post_service_mode"":null,""tau"":290.0,""turnaround_before"":{""interval"":[""191"",""195""],""mode"":""battery_swap"",""predecessor"":41},""uav_id"":0},{""E_plan_Wh"":253.257471134,""E_soc_required_Wh"":253.257471134,""battery_group"":5,""h"":20.0,""ordered_tids"":[""Rodsand_II_010""],""post_service_interval"":null,""post_service_mode"":null,""tau"":305.0,""turnaround_before"":{""interval"":[""291"",""295""],""mode"":""battery_swap"",""predecessor"":93},""uav_id"":1},{""E_plan_Wh"":309.336420822,""E_soc_required_Wh"":309.336420822,""battery_group"":6,""h"":25.0,""ordered_tids"":[""Rodsand_II_002""],""post_service_interval"":null,""post_service_mode"":null,""tau"":320.0,""turnaround_before"":{""interval"":[""311"",""315""],""mode"":""battery_swap"",""predecessor"":75},""uav_id"":0}],""quick_inspection_events"":[],""resource_cuts"":3,""swap_events"":[[66.0,70.0],[161.0,165.0],[191.0,195.0],[291.0,295.0],[311.0,315.0]]}","[31.92240213276218, 32.676444428040085, 0.11339698039650356, 33.950832255314225, 33.70864273167905, 33.21269221155416, 18.423939656702338]",,,257,scipy-highs-rmp,8,8,0,0.0,1956.6403352966674,1956.6403352966672,2.2737367544323206e-13,1.162061679612454e-14,1.162061679612454e-14,,False,True,True,True,True,global_discrete_physical_model,coverage:branch-tree-exhausted-incumbent-bound;energy:rmp-lagrangian-plus-pricing-bound,,True,True,True,False,False
